id,progress,content
1382882999699732224,86990,"重生开饭啦"
1338653616310891264,25192,"kksk"
1232876428857800704,38293,"芝！！！"
1175459953247630592,189169,"草 大家都是这么打的（"
1133120005227938048,6939,"今日无事勾栏听戏"
1126806829687399424,42877,"因为标题"
1107281363083486208,52174,"说四暗刻的那位 你再看看"
1095801169651129856,41479,"草"
1080482333905402368,32563,"草"
1076303066753640960,126363,"fc"
1062227901635850752,58748,"？"
1046451471719554816,15939,"合牛"
1031804155007973376,17619,"对不起我一直觉得这个take是吃的意思"
1020771679929987072,141490,"您有一个好"
1017354557870797312,11752,"草"
1001329905302213120,278718,"好像辣椒面（"
55747883004230656,54773,"2"
55102187699343872,34339,"中秋快乐！"
54898120847346688,14499,"火钳刘明"
54530517788894208,34721,"火钳刘明"
54356488125886976,383989,"生日快乐"
53996899724282880,89276,"保护"
52680097486864389,238126,"paripuni？"
51954876632530951,124819,"想记录高中的美好瞬间！"
51641501472522245,166019,"66"
51641448200142851,82059,"666"
50567447270391815,110380,"中考大捷！"
50557060293591047,59479,"2"
44711772618752007,32926,"????????"
44774966567632901,478270,"大家看这一块披萨，他很孤单"
43524086044819459,94440,"2"
43217035862212615,414547,"图灵觉得很没面子"
42450373021007879,28051,"合影"
42310072502059011,160207,"真的不是我"
42308729886998535,307223,"还tm是1"
42142346533404677,910008,"ohhhhhhhhhhhh"
42142253820936195,618535,"146周？？！！"
42142102629384195,164749,"kksk"
41915126955638789,0,"学成归来"
41864046306656259,17034,"非欧几何？"
39244665960529923,181480,"不应该是该内存不能为read嘛"
39128612416782341,5011,"完结撒花感谢陪伴～"
38920463099887621,521363,"snp"
38699852234227717,88019,"人可回收，滑板不要"
38654012445163525,133694,"bellisima！"
38611281749475333,363859,"我的心像石头.jpg"
38334548298170371,282942,"awsl"
38289889482506245,124046,"前方高能"
37976585418047495,85184,"woc"
37824180753268739,16964,"my heart will go off"
37746823494369287,823289,"awsl"
37745086182195207,18628,"身残志坚"
37744911164375043,45302,"awsl"
37497538330230853,33086,"14122"
37467413645623299,22692,"简单？？？"
37391806247731205,620798,"upnb"
37389834854596615,5438,"chocolate"
37388819385810951,268417,"2"
37382066625576967,280716,"草这bgmhhhh"
37382000196190215,164747,"好H啊"
37312722129387525,2111373,"f the  Secret太草了"
37316717392691207,399262,"《算法导论》"
36885371672330243,625236,"？？？"
34647799938678787,426814,"粘nian"
33260540487794695,2281922,"相   对   静   止"
32784059124940807,1145557,"好快啊"
29219610207191043,94874,"十周年快乐"
29027705294422018,175395,"简介里说了无人生还"
29027700398096386,175395,"简介里说了无人生还"
28135554312830976,3200,"测试"
28128119159259136,232998,"讲得好！"
28128113581883396,232998,"讲得好！"
27262289972822020,27157,"1-（ 5/6 ）^ 6666"
27014887168802818,594197,"学生　がくせい　ga ku se I"
26381941158182916,118713,"?????"
23254661105975300,86292,"我放毒"
23254652058861568,74772,"吸吸吸吸吸吸吸吸吸吸吸吸吸吸吸吸吸吸吸吸吸吸吸吸吸吸吸吸吸吸吸吸吸吸吸吸吸吸吸吸吸吸吸吸吸"
22432948257554436,60507,"我银灰加星熊"
21705279178014722,201408,"这不是up"
21018223105277956,324458,"ilem"
21017776017637378,456448,"哈哈哈哈哈哈哈哈哈哈哈哈哈哈哈哈哈哈哈哈哈哈哈哈哈哈哈哈哈哈哈哈哈哈哈哈哈哈哈哈哈哈哈哈哈哈哈哈哈哈哈哈哈哈哈哈哈哈哈哈哈哈哈哈哈哈哈哈哈哈哈哈哈哈哈哈"
20961497345163264,294547,"7366508"
20937297228201984,53714,"过于真实"
20923041316339712,108200,"波斯弯刀最好用"
20884988240068610,90282,"@女胖胖"
20759290288013312,258480,"Q"
20759284367228928,254394,"Cha fan"
20753139343294464,109947,"影驰星耀"
20737766243434498,491025,"7366508"
20703254259695616,352873,"白房子本身就是问题"
20658163182731264,167424,"mi van"
20622265153486848,76544,"van"
20603062120873984,373267,"在空中击杀敌人就是打鸟"
20483700681080834,119575,"ScrollLock"
20469369457868804,237120,"woc"
20343849298165764,74194,"少来这一套，给我开炮！！！"
20223907305881600,828047,"哔"
19970983723532292,5076,"刚刚"
19895626875011076,259413,"nb"
19838927208710144,2098,"八分钟前"
19746055405961218,673536,"duì"
19537192467038210,101376,"Woc 中配"
19466805059780612,149721,"那个把末影龙睡死的别走"
19268450512273412,119576,"おっぱい"
19225322253189124,162901,"猝不及防"
19225297936711680,128255,"敌羞 吾去脱他衣"
19219315398017026,48246,"bgm没踩点啊啊啊啊啊"
19183332898111488,105856,"去你的"
19140550922862592,102296,"打火什么?"
19054662606913538,21186,"awsl"
18862244289314816,24267,"火钳刘明"
18826751667863554,70713,"OHHHHHHHHHHHHHHHHHHHHHHHHHHHHHHHHHHHHHHHHHHHHHHHHHHHHHHHHHHHHHHHHHHHHHHHHHHHHHHHHHH"
18619267908370432,175701,"几几开？"
18473311403507714,91510,"老黄的刀法"
18269034994204676,47106,"火钳刘明"
18115696333422594,12544,"火钳刘明"
17773680258449412,95692,"LTT"
17402714895941632,19575,"/dai/"
16006960504111106,93083,"Penis"
15691618772844544,192632,"承包空屏"
15413181207281666,21141,"G550"
15187188345470976,960748,"食屎啦你"
14920550183862272,487896,"And their parents will find they f**king together"
13471499087773696,106904,"Eromanga Sense"
12175284188479490,805864,"石家庄滴十八中有木有？人"
9512308706377728,474557,"这个视频我给88分，还有12分留给交警"
7150846711169024,108987,"Are you OK?"
6303486992449536,18626,"火钳刘明"
6220646661488642,10416,"火钳刘明"
6220644529733636,6563,"火钳刘明"
6220603889025024,16520,"火钳刘明"